{"train_total_loss":2.268908977508545,"_wandb":{"runtime":38921},"val_perplexity":10.092652056283608,"_timestamp":1.7697498400926769e+09,"val_mean_r_eff":2.9423182010650635,"lr":0,"rank":8,"num_combos":18,"grad_norm":0.15347582634523624,"r_eff_hist":{"_type":"histogram","values":[2,1,1,0,1,1,1,0,1,0,0,2,0,0,1,1,2,3,0,0,0,0,2,1,1,0,1,2,5,2,0,1,1,0,0,0,1,3,1,2,0,0,2,1,0,0,3,0,1,1,1,0,0,2,1,0,1,0,0,0,1,0,0,2],"bins":[1.2369656562805176,1.2931069284677505,1.3492482006549835,1.4053894728422165,1.4615307450294495,1.5176720172166824,1.5738132894039154,1.6299545615911484,1.6860958337783813,1.7422371059656143,1.7983783781528473,1.8545196503400803,1.9106609225273132,1.9668021947145462,2.022943466901779,2.079084739089012,2.135226011276245,2.191367283463478,2.247508555650711,2.303649827837944,2.359791100025177,2.41593237221241,2.472073644399643,2.528214916586876,2.584356188774109,2.640497460961342,2.696638733148575,2.752780005335808,2.8089212775230408,2.8650625497102737,2.9212038218975067,2.9773450940847397,3.0334863662719727,3.0896276384592056,3.1457689106464386,3.2019101828336716,3.2580514550209045,3.3141927272081375,3.3703339993953705,3.4264752715826035,3.4826165437698364,3.5387578159570694,3.5948990881443024,3.6510403603315353,3.7071816325187683,3.7633229047060013,3.8194641768932343,3.8756054490804672,3.9317467212677,3.987887993454933,4.044029265642166,4.100170537829399,4.156311810016632,4.212453082203865,4.268594354391098,4.324735626578331,4.380876898765564,4.437018170952797,4.49315944314003,4.549300715327263,4.605441987514496,4.661583259701729,4.717724531888962,4.773865804076195,4.830007076263428]},"lr_mult":1.25,"reg_active":0,"combo_id":"comparative-1-qwen3-1.7b-ptb_r8_s44_lr1.25","_step":35999,"_runtime":38921.791888999,"autocore_logdet":-1337.8875732421875,"combo_results":"[{\"combo_id\": \"comparative-1-qwen3-1.7b-ptb_r4_s42_lr0.75\", \"rank\": 4, \"seed\": 42, \"lr_mult\": 0.75, \"best_val_perplexity\": 10.106888102180394, \"final_val_perplexity\": 10.106888102180394, \"final_val_loss\": 2.313217181712389, \"final_mean_r_eff\": 2.025895118713379}, {\"combo_id\": \"comparative-1-qwen3-1.7b-ptb_r4_s42_lr1.0\", \"rank\": 4, \"seed\": 42, \"lr_mult\": 1.0, \"best_val_perplexity\": 10.10316844475386, \"final_val_perplexity\": 10.104731113055713, \"final_val_loss\": 2.3130037412047386, \"final_mean_r_eff\": 2.167862892150879}, {\"combo_id\": \"comparative-1-qwen3-1.7b-ptb_r4_s42_lr1.25\", \"rank\": 4, \"seed\": 42, \"lr_mult\": 1.25, \"best_val_perplexity\": 10.102999906619546, \"final_val_perplexity\": 10.11521400239386, \"final_val_loss\": 2.3140406273305416, \"final_mean_r_eff\": 2.294767141342163}, {\"combo_id\": \"comparative-1-qwen3-1.7b-ptb_r4_s43_lr0.75\", \"rank\": 4, \"seed\": 43, \"lr_mult\": 0.75, \"best_val_perplexity\": 10.102179650058142, \"final_val_perplexity\": 10.102179650058142, \"final_val_loss\": 2.312751207500696, \"final_mean_r_eff\": 2.046907424926758}, {\"combo_id\": \"comparative-1-qwen3-1.7b-ptb_r4_s43_lr1.0\", \"rank\": 4, \"seed\": 43, \"lr_mult\": 1.0, \"best_val_perplexity\": 10.097843464624953, \"final_val_perplexity\": 10.100734512141548, \"final_val_loss\": 2.3126081451773643, \"final_mean_r_eff\": 2.195406913757324}, {\"combo_id\": \"comparative-1-qwen3-1.7b-ptb_r4_s43_lr1.25\", \"rank\": 4, \"seed\": 43, \"lr_mult\": 1.25, \"best_val_perplexity\": 10.097309198851185, \"final_val_perplexity\": 10.111871473467813, \"final_val_loss\": 2.3137101270258427, \"final_mean_r_eff\": 2.33351469039917}, {\"combo_id\": \"comparative-1-qwen3-1.7b-ptb_r4_s44_lr0.75\", \"rank\": 4, \"seed\": 44, \"lr_mult\": 0.75, \"best_val_perplexity\": 10.104718803783642, \"final_val_perplexity\": 10.104718803783642, \"final_val_loss\": 2.313002523034811, \"final_mean_r_eff\": 2.002033233642578}, {\"combo_id\": \"comparative-1-qwen3-1.7b-ptb_r4_s44_lr1.0\", \"rank\": 4, \"seed\": 44, \"lr_mult\": 1.0, \"best_val_perplexity\": 10.10110873120714, \"final_val_perplexity\": 10.10307228207508, \"final_val_loss\": 2.312839563935995, \"final_mean_r_eff\": 2.1551718711853027}, {\"combo_id\": \"comparative-1-qwen3-1.7b-ptb_r4_s44_lr1.25\", \"rank\": 4, \"seed\": 44, \"lr_mult\": 1.25, \"best_val_perplexity\": 10.0988798395102, \"final_val_perplexity\": 10.113040129085043, \"final_val_loss\": 2.3138256929814816, \"final_mean_r_eff\": 2.2965211868286133}, {\"combo_id\": \"comparative-1-qwen3-1.7b-ptb_r8_s42_lr0.75\", \"rank\": 8, \"seed\": 42, \"lr_mult\": 0.75, \"best_val_perplexity\": 10.1030826322216, \"final_val_perplexity\": 10.1030826322216, \"final_val_loss\": 2.312840588390827, \"final_mean_r_eff\": 2.549633741378784}, {\"combo_id\": \"comparative-1-qwen3-1.7b-ptb_r8_s42_lr1.0\", \"rank\": 8, \"seed\": 42, \"lr_mult\": 1.0, \"best_val_perplexity\": 10.088708113946526, \"final_val_perplexity\": 10.089888714143102, \"final_val_loss\": 2.3115338049829006, \"final_mean_r_eff\": 2.7757296562194824}, {\"combo_id\": \"comparative-1-qwen3-1.7b-ptb_r8_s42_lr1.25\", \"rank\": 8, \"seed\": 42, \"lr_mult\": 1.25, \"best_val_perplexity\": 10.087086334133035, \"final_val_perplexity\": 10.090913709365811, \"final_val_loss\": 2.311635386198759, \"final_mean_r_eff\": 2.9953744411468506}, {\"combo_id\": \"comparative-1-qwen3-1.7b-ptb_r8_s43_lr0.75\", \"rank\": 8, \"seed\": 43, \"lr_mult\": 0.75, \"best_val_perplexity\": 10.105785324206188, \"final_val_perplexity\": 10.105785324206188, \"final_val_loss\": 2.3131080642342567, \"final_mean_r_eff\": 2.5316708087921143}, {\"combo_id\": \"comparative-1-qwen3-1.7b-ptb_r8_s43_lr1.0\", \"rank\": 8, \"seed\": 43, \"lr_mult\": 1.0, \"best_val_perplexity\": 10.090421384414388, \"final_val_perplexity\": 10.091304669401868, \"final_val_loss\": 2.311674129217863, \"final_mean_r_eff\": 2.7451651096343994}, {\"combo_id\": \"comparative-1-qwen3-1.7b-ptb_r8_s43_lr1.25\", \"rank\": 8, \"seed\": 43, \"lr_mult\": 1.25, \"best_val_perplexity\": 10.089448646192881, \"final_val_perplexity\": 10.090908070629945, \"final_val_loss\": 2.3116348274052143, \"final_mean_r_eff\": 2.953827381134033}, {\"combo_id\": \"comparative-1-qwen3-1.7b-ptb_r8_s44_lr0.75\", \"rank\": 8, \"seed\": 44, \"lr_mult\": 0.75, \"best_val_perplexity\": 10.103195167226328, \"final_val_perplexity\": 10.103350836442896, \"final_val_loss\": 2.312867134809494, \"final_mean_r_eff\": 2.5067014694213867}, {\"combo_id\": \"comparative-1-qwen3-1.7b-ptb_r8_s44_lr1.0\", \"rank\": 8, \"seed\": 44, \"lr_mult\": 1.0, \"best_val_perplexity\": 10.08915570418619, \"final_val_perplexity\": 10.090310194549794, \"final_val_loss\": 2.3115755766630173, \"final_mean_r_eff\": 2.7252023220062256}, {\"combo_id\": \"comparative-1-qwen3-1.7b-ptb_r8_s44_lr1.25\", \"rank\": 8, \"seed\": 44, \"lr_mult\": 1.25, \"best_val_perplexity\": 10.08843026394444, \"final_val_perplexity\": 10.092652056283608, \"final_val_loss\": 2.3118076398968697, \"final_mean_r_eff\": 2.9423182010650635}]","lambda":0,"reg_loss":0,"mean_final_r_eff":2.4579835335413613,"final_val_perplexity_median":10.103077457148341,"final_val_perplexity_mean":10.10114701530478,"mean_r_eff":2.941530704498291,"perplexity":10.103077457148341,"train_perplexity":9.668846128827338,"train_loss":2.268908977508545,"val_loss":2.3118076398968697,"combo_step":2000,"best_val_perplexity":10.08843026394444,"seed":44}